Player,Nation,Pos,Squad,Comp,Age,Born,MP,Starts,Min,90s,GA,GA90,SoTA,Saves,Save%,W,D,L,CS,CS%,PKatt,PKA,PKsv,Pk_save%,PSxG,PSxG/SoT,PSxG+/-,/90,launch_cmp,launch_att,launch_cmp%,pass_att,Thr,launch_pass%,pass_avglen,Gk_att,Gk_launched%,Gk_avglen,Stp,Stp%,#OPA,#OPA/90,AvgDist
Julen Agirrezabala,ESP,GK,Athletic Club,La Liga,20,2000,4,4,360,4,5,1.25,20,15,75,1,2,1,1,25,0,0,0,,5,0.27,0,0,13,31,41.9,56,12,33.9,33.1,26,46.2,36,1,2.1,6,1.5,17.5
Doğan Alemdar,TUR,GK,Rennes,Ligue 1,18,2002,12,12,1080,12,13,1.08,36,22,66.7,6,1,5,4,33.3,2,1,1,50,12.3,0.29,-0.7,-0.06,54,147,36.7,321,54,27.4,30.3,70,84.3,54.9,8,5.5,24,2,19.1
Alisson,BRA,GK,Liverpool,Premier League,28,1992,36,36,3240,36,24,0.67,99,76,75.8,27,7,2,20,55.6,0,0,0,,24.4,0.25,1.4,0.04,114,258,44.2,1216,211,16.5,26.3,172,33.1,33.4,22,6.5,89,2.47,18.7
Alphonse Areola,FRA,GK,West Ham,Premier League,28,1993,1,1,90,1,1,1,3,2,66.7,0,0,1,0,0,0,0,0,,1.2,0.39,0.2,0.17,9,28,32.1,26,3,69.2,46.3,14,71.4,48.5,1,6.7,0,0,5.5
Kepa Arrizabalaga,ESP,GK,Chelsea,Premier League,26,1994,4,4,360,4,2,0.5,13,11,84.6,2,1,1,2,50,0,0,0,,3.2,0.25,1.2,0.3,8,29,27.6,117,29,19.7,26.4,21,28.6,27.6,2,4.5,8,2,18.8
Sergio Asenjo,ESP,GK,Villarreal,La Liga,32,1989,6,6,540,6,9,1.5,28,19,71.4,2,2,2,0,0,1,1,0,0,8.9,0.28,-0.1,-0.01,15,52,28.8,170,38,21.2,28,56,28.6,32.2,3,2.9,14,2.33,16.8
Emil Audero,ITA,GK,Sampdoria,Serie A,24,1997,29,29,2560,28.4,48,1.69,130,82,63.8,7,5,15,5,17.2,2,1,1,50,43.1,0.32,-3.9,-0.14,203,472,43,786,120,41.7,36.3,212,67.9,47.6,22,5.3,25,0.88,13.5
Daniel Bachmann,AUT,GK,Watford,Premier League,27,1994,12,12,1080,12,28,2.33,72,46,65.3,1,0,11,0,0,3,3,0,0,23.2,0.3,-2.8,-0.23,71,207,34.3,275,47,53.8,40.9,87,67.8,47.8,7,3.7,12,1,16.1
Édgar Badía,ESP,GK,Elche,La Liga,29,1992,24,24,2160,24,35,1.46,114,78,75.4,8,5,11,5,20.8,9,7,1,12.5,37.3,0.26,2.3,0.1,182,408,44.6,618,106,41.9,36.1,210,71,49.2,17,4.3,41,1.71,16.2
Nicola Bagnolini,ITA,GK,Bologna,Serie A,17,2004,1,0,3,0,0,0,1,1,100,0,0,0,1,,0,0,0,,0.2,0.19,0.2,5.78,0,4,0,3,0,100,61,1,100,60,0,0,0,0,
Stefan Bajic,FRA,GK,Saint-Étienne,Ligue 1,19,2001,7,4,510,5.7,13,2.29,29,16,62.1,0,1,3,0,0,2,2,0,0,13.2,0.39,0.2,0.04,28,75,37.3,141,40,34,31.6,44,61.4,46.3,4,4.9,11,1.94,17.1
Francesco Bardi,ITA,GK,Bologna,Serie A,29,1992,2,2,177,2,2,1.02,9,7,77.8,0,1,0,0,0,0,0,0,,2.7,0.3,0.7,0.37,5,19,26.3,35,6,40,33,13,38.5,32.1,2,8.3,0,0,5.5
Oliver Baumann,GER,GK,Hoffenheim,Bundesliga,31,1990,33,33,2970,33,57,1.73,155,98,64.5,12,7,14,8,24.2,4,2,1,33.3,51.5,0.33,-4.5,-0.14,138,393,35.1,1302,185,26.1,29,216,24.5,28.8,27,6.4,65,1.97,16.7
Asmir Begović,BIH,GK,Everton,Premier League,34,1987,3,3,270,3,8,2.67,18,11,61.1,1,0,2,1,33.3,1,1,0,0,4.2,0.18,-2.8,-0.94,20,62,32.3,54,5,74.1,48.9,31,71,51.3,3,6,2,0.67,10.7
Vid Belec,SVN,GK,Salernitana,Serie A,31,1990,23,21,1938,21.5,49,2.28,135,87,65.9,3,2,16,1,4.8,5,3,1,25,40.8,0.28,-6.2,-0.29,147,339,43.4,392,76,52.6,39.5,182,73.1,49.9,12,3.6,14,0.65,12.7
Walter Benítez,ARG,GK,Nice,Ligue 1,28,1993,37,37,3330,37,35,0.95,141,105,78,20,7,10,14,37.8,5,4,1,20,42.6,0.27,7.6,0.21,145,378,38.4,774,169,30.2,30.5,260,55.4,43,31,6.2,33,0.89,13.6
Alessandro Berardi,ITA,GK,Hellas Verona,Serie A,30,1991,1,1,90,1,3,3,7,4,57.1,0,1,0,0,0,0,0,0,,2.3,0.38,-0.7,-0.66,4,19,21.1,23,4,52.2,39.7,7,100,58.7,0,0,0,0,
Etrit Berisha,ALB,GK,Torino,Serie A,32,1989,10,10,900,10,8,0.8,41,32,85.4,3,4,3,4,40,3,2,1,33.3,10.2,0.18,2.2,0.22,53,188,28.2,240,37,50,39.4,78,87.2,58.6,7,4.7,10,1,14.6
Paul Bernardoni,FRA,GK,Saint-Étienne,Ligue 1,24,1997,19,19,1710,19,37,1.95,93,58,65.6,5,5,9,3,15.8,5,5,0,0,31.4,0.29,-3.6,-0.19,87,304,28.6,443,119,46.5,37,136,72.1,49.3,19,9.6,56,2.95,18.8
Dimitry Bertaud,FRA,GK,Montpellier,Ligue 1,23,1998,11,9,833,9.3,20,2.16,57,37,68.4,2,3,4,2,22.2,2,2,0,0,16,0.25,-4,-0.43,46,129,35.7,226,55,38.5,33.8,86,48.8,38.5,8,6.3,4,0.43,11.7
Marco Bizot,NED,GK,Brest,Ligue 1,30,1991,38,38,3420,38,57,1.5,170,115,68.8,13,9,16,7,18.4,4,4,0,0,51,0.28,-4,-0.1,290,624,46.5,877,205,43.1,37.4,328,75,53.1,16,3,34,0.89,14.1
Yassine Bounou,MAR,GK,Sevilla,La Liga,30,1991,31,31,2790,31,24,0.77,100,75,78,14,13,4,13,41.9,4,2,1,33.3,26.6,0.24,2.6,0.09,152,378,40.2,829,116,30.2,33.1,241,53.1,41.2,27,6.4,24,0.77,12.8
Claudio Bravo,CHI,GK,Betis,La Liga,38,1983,17,17,1456,16.2,19,1.17,56,39,67.9,8,4,4,5,29.4,1,1,0,0,18.6,0.31,1.6,0.1,109,272,40.1,405,53,51.9,39.9,99,62.6,47.9,6,2.4,9,0.56,11
Fabian Bredlow,GER,GK,Stuttgart,Bundesliga,26,1995,4,4,360,4,7,1.75,24,17,70.8,0,2,2,0,0,0,0,0,,6.7,0.28,-0.3,-0.07,10,22,45.5,92,22,20.7,26.8,37,8.1,19.6,2,3,4,1,17.8
Sascha Burchert,GER,GK,Greuther Fürth,Bundesliga,31,1989,14,14,1260,14,28,2,72,46,65.3,2,4,8,3,21.4,3,3,0,0,23,0.28,-3,-0.22,120,326,36.8,441,49,52.2,41.1,115,83.5,55.9,8,3.6,24,1.71,17.2
Roman Bürki,SUI,GK,Dortmund,Bundesliga,30,1990,1,1,90,1,1,1,1,0,100,1,0,0,0,0,1,1,0,0,1,0,0,-0.01,0,7,0,20,3,30,28.1,3,33.3,34.3,0,0,5,5,27.3
Jack Butland,ENG,GK,Crystal Palace,Premier League,28,1993,9,8,765,8.5,13,1.53,28,16,53.6,2,4,2,1,12.5,1,0,1,100,9.7,0.31,-1.3,-0.16,25,93,26.9,221,40,28.5,29.8,66,45.5,36.3,11,7.9,7,0.82,11.2
Marcin Bułka,POL,GK,Nice,Ligue 1,21,1999,1,1,90,1,1,1,5,4,80,0,0,1,0,0,0,0,0,,1.7,0.35,0.7,0.73,1,3,33.3,17,6,11.8,19.2,7,14.3,24.9,1,7.1,1,1,22.5
Willy Caballero,ARG,GK,Southampton,Premier League,39,1981,2,2,180,2,5,2.5,11,6,54.5,0,1,1,0,0,0,0,0,,3.3,0.31,-1.7,-0.85,17,36,47.2,47,0,51.1,38.4,13,92.3,56.5,1,3,4,2,14
Marc-Aurèle Caillard,FRA,GK,Metz,Ligue 1,27,1994,19,17,1542,17.1,30,1.75,87,57,67.8,4,5,8,5,29.4,2,2,0,0,27.5,0.3,-2.5,-0.15,103,276,37.3,286,87,44.8,38.9,168,88.1,58.5,10,3.8,13,0.76,12.8
Cárdenas,ESP,GK,Levante,La Liga,24,1997,24,24,2160,24,46,1.92,120,74,65,6,6,12,5,20.8,4,4,0,0,41.5,0.31,-4.5,-0.19,92,296,31.1,525,85,41.9,36.6,198,38.4,35.7,10,3,26,1.08,15.6
Kiko Casilla,ESP,GK,Elche,La Liga,34,1986,14,14,1260,14,17,1.21,60,43,71.7,3,4,7,3,21.4,0,0,0,,17.2,0.29,0.2,0.01,75,218,34.4,348,77,42.5,36.4,136,51.5,40.8,8,3.7,15,1.07,15.2
Koen Casteels,BEL,GK,Wolfsburg,Bundesliga,29,1992,28,28,2520,28,40,1.43,118,76,68.6,11,6,11,10,35.7,6,3,2,40,42,0.32,2,0.07,165,370,44.6,873,135,30.6,32.3,204,50.5,42.1,31,7.5,30,1.07,14.8
Leonardo César Jardim,BRA,GK,Lille,Ligue 1,26,1995,17,17,1530,17,20,1.18,62,47,74.2,6,6,5,8,47.1,5,4,1,20,,,,,,,,,,,,,,,,,,,
Jasper Cillessen,NED,GK,Valencia,La Liga,32,1989,17,17,1457,16.2,29,1.79,77,49,68.8,4,7,5,3,17.6,6,5,1,16.7,28.6,0.31,1.6,0.1,104,242,43,351,69,49,39.8,94,74.5,54.6,6,3.1,14,0.86,16
Diego Conde,ESP,GK,Getafe,La Liga,22,1998,1,0,6,0.1,0,0,0,0,,0,0,0,1,,0,0,0,,0,,0,0,0,6,0,4,0,100,61,2,100,68,1,20,0,0,5
Andrea Consigli,ITA,GK,Sassuolo,Serie A,34,1987,37,37,3322,36.9,63,1.71,171,108,67.8,13,11,12,3,8.1,9,8,1,11.1,56,0.28,-6,-0.16,186,431,43.2,1219,174,29,30.9,246,31.7,28.8,21,4.3,30,0.81,13.4
Benoît Costil,FRA,GK,Bordeaux,Ligue 1,34,1987,25,25,2250,25,62,2.48,133,72,57.1,3,8,14,0,0,5,5,0,0,44.1,0.29,-16.9,-0.68,181,424,42.7,686,78,40.2,35.3,218,67.9,47.9,9,2.5,39,1.56,16.9
Thibaut Courtois,BEL,GK,Real Madrid,La Liga,29,1992,36,36,3240,36,29,0.81,120,91,77.5,26,7,3,16,44.4,3,2,1,33.3,33.3,0.25,4.3,0.12,74,251,29.5,936,188,20.3,28.8,199,30.7,34.3,21,4.5,31,0.86,15.5
Alessio Cragno,ITA,GK,Cagliari,Serie A,27,1994,35,35,3150,35,63,1.8,168,104,66.1,6,10,19,2,5.7,8,6,2,25,52.4,0.28,-9.6,-0.27,321,703,45.7,890,112,52.9,39.4,316,73.4,48.2,22,4.5,33,0.94,15
Finn Dahmen,GER,GK,Mainz 05,Bundesliga,23,1998,2,2,180,2,3,1.5,5,2,60,1,1,0,0,0,1,1,0,0,2.1,0.24,-0.9,-0.43,3,14,21.4,59,9,16.9,25.8,20,20,31.2,2,7.4,2,1,14.4
Karl Darlow,ENG,GK,Newcastle Utd,Premier League,30,1990,8,8,720,8,15,1.87,37,23,64.9,0,5,3,0,0,2,2,0,0,9.5,0.21,-4.5,-0.56,72,163,44.2,187,28,61.5,44.5,62,77.4,56.7,5,4.7,4,0.5,10.5
Arthur Desmas,FRA,GK,Clermont Foot,Ligue 1,27,1994,15,15,1304,14.5,33,2.28,66,34,54.5,3,4,7,3,20,3,3,0,0,22.3,0.3,-9.7,-0.67,32,133,24.1,302,53,28.8,30.2,112,41.1,33.8,5,3.1,4,0.28,10.6
Javier Díaz,ESP,GK,Sevilla,La Liga,24,1997,1,1,90,1,1,1,2,1,50,0,1,0,0,0,0,0,0,,0.6,0.28,-0.4,-0.45,5,10,50,31,2,25.8,29.1,3,66.7,49.3,1,5.9,0,0,13.7
Stole Dimitrievski,MKD,GK,Rayo Vallecano,La Liga,27,1993,31,30,2772,30.8,37,1.2,126,88,76.2,11,8,11,9,30,9,7,2,22.2,37.7,0.23,1.7,0.05,182,554,32.9,711,151,54.3,42.1,230,73,53.5,35,8.6,35,1.14,13.9
Matías Dituro,ARG,GK,Celta Vigo,La Liga,34,1987,38,38,3420,38,43,1.13,136,91,71.3,12,10,16,14,36.8,8,4,4,50,43.3,0.27,2.3,0.06,303,804,37.7,1176,131,51.3,40.3,283,71,52.4,36,8,37,0.97,14.3
Ouparine Djoco,SEN,GK,Clermont Foot,Ligue 1,23,1998,24,23,2116,23.5,36,1.53,99,65,65.7,6,4,13,5,21.7,2,2,0,0,28.3,0.27,-5.7,-0.24,92,302,30.5,584,107,36.6,33.7,154,57.1,40.6,23,7.6,28,1.19,14.2
Marko Dmitrović,SRB,GK,Sevilla,La Liga,29,1992,6,6,540,6,5,0.83,19,14,73.7,4,2,0,4,66.7,0,0,0,,4.1,0.21,-0.9,-0.16,24,58,41.4,191,27,24.6,30.5,33,33.3,35.8,4,6.1,12,2,17.5
Jaume Doménech,ESP,GK,Valencia,La Liga,30,1990,4,3,343,3.8,4,1.05,11,8,63.6,2,0,1,1,33.3,0,0,0,,4.3,0.39,1.3,0.34,29,67,43.3,75,7,56,42.6,32,78.1,52.6,1,1.5,2,0.52,9.3
Gianluigi Donnarumma,ITA,GK,Paris S-G,Ligue 1,22,1999,17,17,1530,17,17,1,61,45,73.8,13,2,2,5,29.4,1,1,0,0,17.5,0.27,1.5,0.09,20,47,42.6,373,108,8.8,22,96,14.6,21.6,11,6.3,34,2,18.4
Bartłomiej Drągowski,POL,GK,Fiorentina,Serie A,23,1997,7,7,556,6.2,8,1.29,26,17,73.1,3,0,3,2,28.6,2,1,1,50,8.1,0.24,0.1,0.02,43,97,44.3,304,23,26.3,30.8,39,43.6,40.2,2,3.3,20,3.24,22.3
Matthieu Dreyer,FRA,GK,Lorient,Ligue 1,32,1989,16,16,1440,16,25,1.56,57,32,57.9,5,4,7,7,43.8,1,1,0,0,19.3,0.32,-5.7,-0.36,67,203,33,282,46,38.3,36.3,133,71.4,48.9,5,2.2,10,0.63,15.4
Martin Dúbravka,SVK,GK,Newcastle Utd,Premier League,32,1989,26,26,2340,26,35,1.35,106,72,67.9,13,4,9,8,30.8,1,1,0,0,34,0.32,0,0,207,497,41.6,605,88,46.3,37,236,91.9,60.5,22,6.1,14,0.54,11.9
Ederson,BRA,GK,Manchester City,Premier League,27,1993,37,37,3330,37,26,0.7,83,57,69.9,28,6,3,20,54.1,1,1,0,0,25.7,0.3,-0.3,-0.01,87,182,47.8,988,165,15.7,25.7,138,19.6,26.8,21,7,55,1.49,19
Aarón Escandell,ESP,GK,Granada,La Liga,25,1995,4,3,284,3.2,6,1.9,16,10,75,0,2,1,1,33.3,2,2,0,0,4.2,0.14,-1.8,-0.57,35,88,39.8,91,13,64.8,44,37,78.4,51.2,3,7.3,10,3.17,16.1
Michael Esser,GER,GK,Bochum,Bundesliga,33,1987,3,3,270,3,7,2.33,21,14,76.2,2,0,1,0,0,2,2,0,0,8.5,0.32,1.5,0.51,20,65,30.8,104,10,41.3,36.1,30,73.3,48.3,1,1.9,1,0.33,10.7
Łukasz Fabiański,POL,GK,West Ham,Premier League,36,1985,37,37,3330,37,50,1.35,162,111,70.4,16,8,13,8,21.6,6,2,3,60,46.8,0.26,-1.2,-0.03,193,525,36.8,736,164,48.9,38.2,277,59.6,44.4,28,4.7,12,0.32,10.4
Wladimiro Falcone,ITA,GK,Sampdoria,Serie A,26,1995,10,9,855,9.5,14,1.47,54,41,75.9,2,1,6,2,22.2,1,1,0,0,11.8,0.2,-1.2,-0.13,63,150,42,284,42,34.5,33.2,74,70.3,45,7,4.3,2,0.21,10.2
Wuilker Faríñez,VEN,GK,Lens,Ligue 1,23,1998,13,11,1105,12.3,15,1.22,45,30,68.9,7,3,1,3,27.3,1,1,0,0,13,0.28,-2,-0.16,25,82,30.5,221,61,30.3,30.6,82,18.3,24.4,15,9.4,21,1.71,16.6
Aitor Fernández,ESP,GK,Levante,La Liga,30,1991,13,13,1166,13,29,2.24,81,51,65.4,1,4,7,2,15.4,2,1,1,50,23.5,0.27,-5.5,-0.42,59,154,38.3,286,66,41.6,36.2,92,38,34.9,9,5.1,21,1.62,18.1
Álvaro Fernández,ESP,GK,Brentford,Premier League,23,1998,12,12,1080,12,24,2,69,47,66.7,3,2,7,1,8.3,1,1,0,0,19.9,0.28,-2.1,-0.17,64,216,29.6,433,60,40.4,33.9,83,49.4,36.9,9,4.6,18,1.5,16.8
Vincenzo Fiorillo,ITA,GK,Salernitana,Serie A,31,1990,1,1,90,1,5,5,8,3,37.5,0,0,1,0,0,0,0,0,,2.7,0.34,-2.3,-2.32,11,17,64.7,19,4,36.8,36.4,12,83.3,50.8,0,0,0,0,4
Mark Flekken,NED,GK,Freiburg,Bundesliga,28,1993,32,32,2880,32,39,1.22,141,103,73.8,15,9,8,10,31.3,2,2,0,0,39.7,0.27,1.7,0.05,245,633,38.7,1084,112,41.5,37.8,244,75,59.1,14,3,35,1.09,15.8
Fraser Forster,ENG,GK,Southampton,Premier League,33,1988,19,19,1710,19,35,1.84,101,68,67.3,6,5,8,3,15.8,2,2,0,0,32.4,0.31,-0.6,-0.03,105,330,31.8,461,71,50.1,39.6,140,70.7,49.5,18,6.3,24,1.26,12.4
Ben Foster,ENG,GK,Watford,Premier League,38,1983,26,26,2340,26,49,1.88,116,67,60.3,5,5,16,4,15.4,4,3,1,25,37.1,0.29,-10.9,-0.42,196,622,31.5,657,76,64.1,44.7,223,90.1,60.6,20,4.4,37,1.42,15.8
Christian Früchtl,GER,GK,Bayern Munich,Bundesliga,21,2000,1,0,10,0.1,0,0,0,0,,0,0,0,0,,0,0,0,,0,,0,0,1,1,100,4,0,25,18,0,,,0,,0,0,19
Marius Funk,GER,GK,Greuther Fürth,Bundesliga,25,1996,8,8,720,8,30,3.75,54,26,48.1,0,0,8,0,0,2,2,0,0,24.2,0.41,-3.8,-0.47,65,182,35.7,288,26,45.8,37.5,70,71.4,52.2,7,7.4,19,2.38,18.6
Gauthier Gallon,FRA,GK,Troyes,Ligue 1,28,1993,31,31,2790,31,45,1.45,135,92,72.6,8,8,15,8,25.8,8,8,0,0,45.3,0.28,2.3,0.07,183,452,40.5,814,159,38.9,34.7,246,54.9,40.1,19,4.6,25,0.81,14.5
Joan García,ESP,GK,Espanyol,La Liga,20,2001,2,1,108,1.2,3,2.5,3,0,0,0,0,1,0,0,0,0,0,,1,0.33,-2,-1.68,4,10,40,32,9,25,28.8,2,100,71,0,0,5,4.17,26.3
David de Gea,ESP,GK,Manchester Utd,Premier League,30,1990,38,38,3420,38,57,1.5,180,124,70,16,10,12,8,21.1,5,3,2,40,55.1,0.29,1.1,0.03,103,315,32.7,623,134,30,30.9,299,42.8,35.9,8,1.5,25,0.66,14
Luca Gemello,ITA,GK,Torino,Serie A,21,2000,1,1,90,1,0,0,3,3,100,1,0,0,1,100,0,0,0,,0.2,0.08,0.2,0.23,6,24,25,31,1,67.7,47.8,3,100,56.3,0,0,1,1,21
Rafał Gikiewicz,POL,GK,Augsburg,Bundesliga,33,1987,34,34,3060,34,56,1.65,156,102,67.3,10,8,16,9,26.5,5,5,0,0,52.3,0.31,-1.7,-0.05,233,579,40.2,951,145,41.9,36.5,287,63.1,47.7,24,4.5,51,1.5,16.7
Alfred Gomis,SEN,GK,Rennes,Ligue 1,27,1993,25,25,2250,25,25,1,67,43,68.7,14,5,6,10,40,4,4,0,0,23.9,0.33,-0.1,0,130,304,42.8,627,119,32.1,31.4,151,68.2,49.5,17,4.7,31,1.24,16.1
Jens Grahl,GER,GK,Eint Frankfurt,Bundesliga,32,1988,1,1,90,1,2,2,4,2,50,0,0,1,0,0,0,0,0,,0.7,0.16,-1.3,-1.35,1,4,25,18,5,0,21.9,11,36.4,36.8,1,10,0,0,10.8
Ivo Grbić,CRO,GK,Lille,Ligue 1,25,1996,21,21,1890,21,28,1.33,85,58,69.4,8,7,6,2,9.5,2,2,0,0,23.2,0.25,-3.8,-0.18,97,267,36.3,419,87,41.5,35.2,166,56,43.5,16,5.2,13,0.62,11.7
Etienne Green,ENG,GK,Saint-Étienne,Ligue 1,21,2000,15,15,1197,13.3,27,2.03,67,42,61.2,2,5,5,1,6.7,1,1,0,0,23.9,0.34,-1.1,-0.08,64,166,38.6,290,64,34.8,34.4,110,59.1,46.6,6,3.5,14,1.05,14.1
Dominik Greif,SVK,GK,Mallorca,La Liga,24,1997,1,1,90,1,3,3,6,3,50,0,0,1,0,0,0,0,0,,1.5,0.24,-1.5,-1.53,1,10,10,21,6,33.3,34.1,10,30,32.7,0,0,1,1,12.5
Lennart Grill,GER,GK,Leverkusen,Bundesliga,22,1999,1,1,90,1,2,2,6,5,66.7,1,0,0,0,0,0,0,0,,1.8,0.31,0.8,0.84,5,17,29.4,37,7,29.7,28.5,10,60,43.8,0,0,0,0,12
Vicente Guaita,ESP,GK,Crystal Palace,Premier League,34,1987,30,30,2655,29.5,33,1.12,116,83,74.1,9,11,9,11,36.7,3,3,0,0,28.8,0.23,-4.2,-0.14,105,282,37.2,778,182,26.6,28.3,201,37.3,31.5,17,4.4,36,1.22,16.3
Péter Gulácsi,HUN,GK,RB Leipzig,Bundesliga,31,1990,33,33,2967,33,34,1.03,111,78,72.1,16,7,9,9,27.3,3,3,0,0,31.9,0.27,-1.1,-0.03,117,310,37.7,976,162,24.9,29.5,198,33.8,33.1,14,4,61,1.85,20.6
Angus Gunn,ENG,GK,Norwich City,Premier League,25,1996,9,9,810,9,22,2.44,57,34,64.9,1,2,6,1,11.1,4,2,1,33.3,19.3,0.3,-2.7,-0.3,45,129,34.9,219,47,43.4,34.5,86,39.5,34.5,3,1.7,14,1.56,17.3
Samir Handanović,SVN,GK,Inter,Serie A,37,1984,37,37,3330,37,30,0.81,124,95,79,25,9,3,15,40.5,4,4,0,0,33.2,0.24,4.2,0.11,139,301,46.2,1118,176,24.3,28.1,142,20.4,26.5,15,3.8,10,0.27,11.2
Wayne Hennessey,WAL,GK,Burnley,Premier League,34,1987,2,2,180,2,6,3,13,8,53.8,0,0,2,0,0,0,0,0,,3.2,0.26,-1.8,-0.91,27,63,42.9,57,7,77.2,50.8,21,90.5,63.6,0,0,4,2,17
Sergio Herrera,ESP,GK,Osasuna,La Liga,28,1993,36,36,3240,36,48,1.33,147,97,70.1,12,10,14,12,33.3,7,4,3,42.9,48.1,0.29,1.1,0.03,388,850,45.6,852,78,69,46.5,306,85.6,58.5,23,4.3,64,1.78,18.1
Marwin Hitz,SUI,GK,Dortmund,Bundesliga,33,1987,5,4,405,4.5,12,2.67,25,13,60,1,0,3,0,0,2,2,0,0,8.6,0.27,-3.4,-0.76,16,32,50,147,31,18.4,27.7,30,16.7,28.2,3,5.6,9,2,20.6
Timo Horn,GER,GK,Köln,Bundesliga,28,1993,13,13,1170,13,21,1.62,56,36,62.5,4,6,3,1,7.7,0,0,0,,19.7,0.36,-0.3,-0.02,67,166,40.4,438,47,32.2,33.1,81,30.9,33.4,4,2.7,19,1.46,17.4
Lukáš Hrádecký,FIN,GK,Leverkusen,Bundesliga,31,1989,32,32,2880,32,44,1.37,154,109,72.7,17,7,8,8,25,4,2,1,33.3,41.9,0.26,-2.1,-0.07,130,381,34.1,1050,173,27.8,30.6,209,42.6,37.4,17,4.4,45,1.41,17.5
Stefanos Kapino,GRE,GK,Arminia,Bundesliga,27,1994,1,1,90,1,0,0,4,4,100,1,0,0,1,100,0,0,0,,1,0.26,1,1.02,7,16,43.8,21,3,38.1,37.3,10,80,48.9,1,3.2,2,2,18.4
Eiji Kawashima,JPN,GK,Strasbourg,Ligue 1,38,1983,1,1,90,1,0,0,1,1,100,1,0,0,1,100,0,0,0,,0.1,0.07,0.1,0.07,3,6,50,23,5,13,26,7,42.9,31.7,2,16.7,0,0,12
Caoimhín Kelleher,IRL,GK,Liverpool,Premier League,22,1998,2,2,180,2,2,1,8,6,75,1,1,0,1,50,0,0,0,,2.2,0.28,0.2,0.11,2,10,20,78,13,11.5,22.7,13,7.7,23,0,0,3,1.5,17.1
Kristoffer Klaesson,NOR,GK,Leeds United,Premier League,20,2000,1,0,36,0.4,0,0,4,4,100,0,0,0,0,,0,0,0,,0.6,0.14,0.6,1.38,1,3,33.3,8,2,25,30.4,3,33.3,28.7,0,0,2,5,23.7
Gregor Kobel,SUI,GK,Dortmund,Bundesliga,23,1997,29,29,2565,28.5,39,1.37,110,73,67.3,19,3,6,7,24.1,3,3,0,0,37.4,0.32,0.4,0.02,77,240,32.1,836,142,20.5,27.5,185,37.3,35.4,17,5,49,1.72,16.1
Tim Krul,NED,GK,Norwich City,Premier League,33,1988,29,29,2610,29,62,2.14,165,105,66.7,4,5,20,5,17.2,8,7,0,0,48.3,0.27,-11.7,-0.4,134,399,33.6,847,168,34.5,34.3,224,47.8,40.1,14,3.2,19,0.66,12.6
Alban Lafont,FRA,GK,Nantes,Ligue 1,22,1999,38,38,3420,38,48,1.26,155,105,71.6,15,10,13,8,21.1,7,4,3,42.9,52.2,0.3,5.2,0.14,206,607,33.9,824,137,46.2,39.2,288,78.5,55.5,27,5.5,56,1.47,14.9
Jean-Louis Leca,FRA,GK,Lens,Ligue 1,35,1985,27,27,2313,25.7,33,1.28,100,66,70,10,7,8,5,18.5,4,3,1,25,31.8,0.29,-1.2,-0.05,108,259,41.7,535,133,35.3,31.3,199,35.2,33.1,18,6.1,24,0.93,14.2
Jeremías Ledesma,ARG,GK,Cádiz,La Liga,28,1993,38,38,3420,38,51,1.34,170,117,76.5,8,15,15,13,34.2,13,11,2,15.4,52.8,0.24,1.8,0.05,272,792,34.3,840,119,63.3,46,313,83.1,60.2,42,7.2,28,0.74,12.1
Bernd Leno,GER,GK,Arsenal,Premier League,29,1992,4,4,360,4,9,2.25,19,10,52.6,1,0,3,1,25,0,0,0,,9.4,0.5,0.4,0.11,17,53,32.1,77,13,35.1,33.8,37,70.3,50.4,6,8.2,1,0.25,7.3
Alexandre Letellier,FRA,GK,Paris S-G,Ligue 1,30,1990,1,0,8,0.1,0,0,0,0,,0,0,0,1,,0,0,0,,0,,0,0,0,0,,2,0,0,22,1,0,34,0,0,0,0,
Luca Lezzerini,ITA,GK,Venezia,Serie A,26,1995,6,6,495,5.5,9,1.64,39,30,76.9,1,1,3,0,0,0,0,0,,9.3,0.25,0.3,0.05,22,59,37.3,155,39,28.4,30.3,44,34.1,31,2,2,3,0.55,13.8
Andreas Linde,SWE,GK,Greuther Fürth,Bundesliga,28,1993,12,12,1080,12,24,2,62,39,62.9,1,5,6,3,25,1,1,0,0,19.7,0.31,-3.3,-0.27,63,211,29.9,408,69,39,35.1,87,59.8,44.8,13,5.7,10,0.83,13.8
Hugo Lloris,FRA,GK,Tottenham,Premier League,34,1986,38,38,3420,38,40,1.05,137,98,72.3,22,5,11,16,42.1,2,2,0,0,37.6,0.26,-1.4,-0.04,115,279,41.2,676,161,29.6,31,278,28.4,26.5,33,5.8,45,1.18,14.2
Anthony Lopes,POR,GK,Lyon,Ligue 1,30,1990,34,34,2982,33.1,45,1.36,148,105,71.6,14,9,9,8,23.5,4,3,1,25,42.7,0.26,0.7,0.02,113,263,43,910,160,23,29.3,219,24.7,31.4,17,4.1,28,0.85,14.6
Diego López,ESP,GK,Espanyol,La Liga,39,1981,36,36,3177,35.3,49,1.39,157,110,70.7,9,11,14,9,25,4,3,0,0,50.3,0.31,3.3,0.09,158,429,36.8,859,207,33.8,33.8,298,46.6,38.7,35,5.7,43,1.22,13.7
Pau López,ESP,GK,Marseille,Ligue 1,26,1994,29,29,2610,29,31,1.07,86,55,68.6,15,6,8,10,34.5,4,4,0,0,30.2,0.32,-0.8,-0.03,79,248,31.9,1166,145,16.8,25.8,167,31.1,33.4,19,7,46,1.59,17.8
Jonas Lössl,DEN,GK,Brentford,Premier League,32,1989,2,2,180,2,5,2.5,7,2,28.6,0,0,2,0,0,0,0,0,,3.2,0.46,-1.8,-0.9,9,25,36,48,6,43.8,35.7,13,30.8,31.7,1,3.3,5,2.5,22.7
Marcel Lotka,POL,GK,Hertha BSC,Bundesliga,20,2001,10,9,885,9.8,20,2.03,49,29,65.3,2,1,6,2,22.2,3,3,0,0,13.8,0.23,-6.2,-0.63,63,188,33.5,262,47,52.3,39.7,73,69.9,52.5,13,9,10,1.02,12.1
Andriy Lunin,UKR,GK,Real Madrid,La Liga,22,1999,2,2,180,2,2,1,9,6,88.9,0,1,1,0,0,2,1,1,50,3.6,0.22,1.6,0.81,5,10,50,57,13,7,23.3,23,26.1,33.6,3,7.7,0,0,9.9
Andrey Lunyov,RUS,GK,Leverkusen,Bundesliga,29,1991,1,1,90,1,1,1,2,1,50,1,0,0,0,0,0,0,0,,0.4,0.19,-0.6,-0.62,4,10,40,43,5,14,25.4,6,66.7,53.7,0,0,0,0,13
Andreas Luthe,GER,GK,Union Berlin,Bundesliga,34,1987,27,27,2430,27,39,1.44,104,68,64.4,11,7,9,6,22.2,2,2,0,0,30.5,0.29,-5.5,-0.2,163,472,34.5,784,122,43.6,36,217,59.9,44.2,29,7.3,24,0.89,12.9
Niki Mäenpää,FIN,GK,Venezia,Serie A,36,1985,17,16,1485,16.5,27,1.64,84,57,73.8,1,4,11,1,6.3,6,5,0,0,28.2,0.28,1.2,0.07,70,221,31.7,379,74,43.5,36,143,39.2,35.4,6,2.2,10,0.61,10.8
Mike Maignan,FRA,GK,Milan,Serie A,26,1995,32,32,2880,32,21,0.66,101,81,81.2,22,7,3,17,53.1,2,2,0,0,24.3,0.22,4.3,0.13,157,374,42,1005,164,31.4,33,149,38.9,36.5,25,7.2,45,1.41,16.8
Giorgi Mamardashvili,GEO,GK,Valencia,La Liga,20,2000,18,18,1620,18,20,1.11,75,55,76,5,7,6,8,44.4,2,2,0,0,21.1,0.26,1.1,0.06,115,314,36.6,346,64,57.8,41.4,149,76.5,53.7,13,4.8,29,1.61,16.3
Steve Mandanda,FRA,GK,Marseille,Ligue 1,36,1985,9,9,810,9,7,0.78,26,20,73.1,6,2,1,5,55.6,0,0,0,,6.7,0.26,0.7,0.08,40,104,38.5,332,37,23.5,28,67,38.8,34.4,6,4.4,21,2.33,19.1
Anthony Mandrea,ALG,GK,Angers,Ligue 1,24,1996,10,10,900,10,14,1.4,44,31,68.2,3,3,4,2,20,0,0,0,,12.6,0.29,-0.4,-0.04,37,139,26.6,184,37,50.5,40.5,88,52.3,45.2,8,4.3,8,0.8,11.6
Davide Marfella,ITA,GK,Napoli,Serie A,21,1999,1,0,11,0.1,0,0,1,1,100,0,0,0,1,,0,0,0,,0.1,0.05,0.1,0.44,0,0,,1,1,0,15,0,,,0,0,0,0,
Emiliano Martínez,ARG,GK,Aston Villa,Premier League,28,1992,36,36,3240,36,48,1.33,140,93,68.6,13,6,17,11,30.6,6,4,1,20,42.1,0.27,-3.9,-0.11,146,406,36,824,162,36.4,33.6,275,38.5,34.1,34,7.2,33,0.92,15.4
Josep Martinez,ESP,GK,RB Leipzig,Bundesliga,23,1998,1,1,90,1,3,3,4,1,25,0,0,1,0,0,0,0,0,,1.5,0.37,-1.5,-1.51,2,5,40,14,1,28.6,29.6,7,14.3,29.4,0,0,4,4,25
Luís Maximiano,POR,GK,Granada,La Liga,22,1999,35,35,3136,34.8,55,1.58,177,122,71.8,8,12,14,7,20,7,5,2,28.6,56,0.28,3,0.09,232,730,31.8,839,149,56.7,42.6,335,75.8,52.5,29,5.1,54,1.55,17.6
Alex McCarthy,ENG,GK,Southampton,Premier League,31,1989,17,17,1530,17,27,1.59,71,44,62,3,7,7,5,29.4,0,0,0,,21.5,0.31,-5.5,-0.32,74,246,30.1,383,78,40.7,34.7,125,72,50.6,22,8.6,5,0.29,9.6
Edouard Mendy,SEN,GK,Chelsea,Premier League,29,1992,34,34,3060,34,31,0.91,102,72,75.5,19,10,5,14,41.2,6,6,0,0,28.4,0.22,-1.6,-0.05,83,193,43,779,154,18.9,25.3,177,26,24.9,28,7.5,46,1.35,14.9
Alex Meret,ITA,GK,Napoli,Serie A,24,1997,7,7,619,6.9,6,0.87,29,23,79.3,4,1,1,2,28.6,0,0,0,,6.4,0.22,0.4,0.06,13,29,44.8,160,45,12.5,25.1,36,25,26.5,3,3.4,5,0.73,14.6
Illan Meslier,FRA,GK,Leeds United,Premier League,21,2000,38,38,3384,37.6,79,2.1,220,142,66.4,9,11,18,5,13.2,5,5,0,0,61.8,0.26,-16.2,-0.43,108,410,26.3,1101,274,27.5,29.3,288,37.2,33.3,23,5.3,45,1.2,14.2
Vanja Milinković-Savić,SRB,GK,Torino,Serie A,24,1997,27,27,2430,27,33,1.22,80,46,67.5,9,7,11,4,14.8,8,7,1,12.5,26.7,0.24,-6.3,-0.23,192,659,29.1,849,97,59.5,44.4,169,91.1,66.3,18,6.2,22,0.81,14.3
Lorenzo Montipò,ITA,GK,Hellas Verona,Serie A,25,1996,34,34,3060,34,50,1.47,137,88,65,13,10,11,4,11.8,3,2,1,33.3,40.6,0.28,-7.4,-0.22,189,577,32.8,733,120,57.2,42.3,231,68.4,46.5,21,4.2,23,0.68,13.1
Jessy Moulin,FRA,GK,Troyes,Ligue 1,35,1986,7,7,630,7,8,1.14,24,16,75,1,3,3,1,14.3,2,2,0,0,7.8,0.25,-0.2,-0.02,32,97,33,164,40,37.8,35.7,75,46.7,37.7,11,10.1,9,1.29,11.4
Florian Müller,GER,GK,Stuttgart,Bundesliga,23,1997,30,30,2700,30,52,1.73,139,88,65.5,7,10,13,4,13.3,4,4,0,0,46.3,0.31,-4.7,-0.16,92,235,39.1,773,152,21.2,27.3,240,29.6,30.7,17,3.8,37,1.23,15.4
Juan Musso,ARG,GK,Atalanta,Serie A,27,1994,33,33,2932,32.6,42,1.29,119,80,67.2,16,8,8,8,24.2,4,3,0,0,37.5,0.3,-1.5,-0.05,147,348,42.2,744,170,27.4,31.3,208,69.2,49.7,28,9.1,39,1.2,16.5
Paul Nardi,FRA,GK,Lorient,Ligue 1,27,1994,22,22,1980,22,38,1.73,91,56,62.6,3,8,11,4,18.2,5,4,0,0,30.5,0.3,-4.5,-0.2,71,296,24,357,78,45.7,38.5,177,75.1,56,4,1.2,15,0.68,13.1
Keylor Navas,CRC,GK,Paris S-G,Ligue 1,34,1986,21,21,1856,20.6,18,0.87,78,60,79.5,11,6,2,7,33.3,2,2,0,0,18.3,0.21,0.3,0.01,23,58,39.7,415,100,11.3,24.5,132,8.3,22.2,5,2.1,20,0.97,16.3
Neto,BRA,GK,Barcelona,La Liga,32,1989,3,3,270,3,4,1.33,14,10,71.4,2,1,0,0,0,0,0,0,,4.1,0.29,0.1,0.02,17,34,50,106,18,28.3,31.6,24,16.7,29.2,0,0,4,1.33,18
Manuel Neuer,GER,GK,Bayern Munich,Bundesliga,35,1986,28,28,2510,27.9,26,0.93,89,63,71.9,22,3,2,10,35.7,1,1,0,0,23.9,0.26,-2.1,-0.07,110,223,49.3,1085,163,19,27.6,166,10.2,25.3,9,3.4,95,3.41,26.2
Alexander Nübel,GER,GK,Monaco,Ligue 1,24,1996,38,38,3420,38,40,1.05,141,104,77.3,20,9,9,11,28.9,9,8,0,0,41.5,0.24,4.5,0.12,160,415,38.6,839,173,31.9,32.5,280,52.5,42.5,23,5.4,46,1.21,17.2
Jan Oblak,SVN,GK,Atlético Madrid,La Liga,28,1993,38,38,3420,38,43,1.13,106,65,66,21,8,9,12,31.6,8,7,1,12.5,32.4,0.23,-7.6,-0.2,170,598,28.4,810,155,49.9,39,283,68.6,48.6,27,5.7,29,0.76,13.8
Oier Olazábal,ESP,GK,Espanyol,La Liga,31,1989,2,1,135,1.5,1,0.67,9,8,100,0,0,1,1,100,1,1,0,0,2.4,0.15,1.4,0.91,9,27,33.3,33,5,51.5,40.8,10,100,57.2,3,10,0,0,3.7
Robin Olsen,SWE,GK,Aston Villa,Premier League,31,1990,1,1,90,1,3,3,5,2,40,0,0,1,0,0,0,0,0,,2.2,0.44,-0.8,-0.78,8,25,32,26,7,46.2,38.3,20,65,48.6,5,17.9,0,0,5.8
Jonas Omlin,SUI,GK,Montpellier,Ligue 1,27,1994,29,29,2587,28.7,41,1.43,158,117,75.9,10,4,13,8,27.6,4,3,1,25,44.2,0.26,4.2,0.15,134,332,40.4,808,179,27.4,30.3,262,42.4,37,37,7.9,27,0.94,13.5
Stefan Ortega,GER,GK,Arminia,Bundesliga,28,1992,33,33,2970,33,53,1.61,176,125,73.9,4,13,16,6,18.2,7,7,0,0,55.8,0.28,4.8,0.15,412,902,45.7,1448,91,49.6,39.2,317,58,46.9,11,2.1,46,1.39,18.6
David Ospina,COL,GK,Napoli,Serie A,32,1988,31,31,2790,31,25,0.81,106,82,77.4,19,6,6,13,41.9,1,1,0,0,27.6,0.26,3.6,0.12,73,193,37.8,842,124,20.7,28.6,135,14.1,22.5,18,5.1,31,1,17
Alexandre Oukidja,ALG,GK,Metz,Ligue 1,33,1988,21,21,1875,20.8,39,1.87,91,54,60.4,2,8,9,3,14.3,3,3,0,0,29.8,0.3,-7.2,-0.35,131,335,39.1,431,137,48,39.7,167,76.6,54.9,39,12.2,42,2.02,14.8
Jesús Owono,EQG,GK,Alavés,La Liga,20,2001,1,1,90,1,1,1,4,3,75,0,1,0,0,0,0,0,0,,0.8,0.19,-0.2,-0.25,9,21,42.9,20,2,90,53.3,3,100,68.3,0,0,2,2,17.6
Fernando Pacheco,ESP,GK,Alavés,La Liga,29,1992,34,34,3053,33.9,60,1.77,148,85,62.8,8,5,21,5,14.7,8,5,3,37.5,51.8,0.31,-8.2,-0.24,331,693,47.8,721,85,64.2,44.5,308,74.7,50.6,24,4.4,43,1.27,15.7
Daniele Padelli,ITA,GK,Udinese,Serie A,35,1985,3,3,270,3,8,2.67,21,13,61.9,1,0,2,1,33.3,0,0,0,,7,0.33,-1,-0.34,12,42,28.6,89,19,34.8,29.6,22,50,40.9,1,1.8,2,0.67,13.2
Ivor Pandur,CRO,GK,Hellas Verona,Serie A,21,2000,3,3,270,3,6,2,15,9,66.7,1,0,2,0,0,1,1,0,0,5.7,0.33,-0.3,-0.1,15,26,57.7,53,9,34,33.1,15,53.3,37.1,1,4.5,1,0.33,11.3
Rui Patrício,POR,GK,Roma,Serie A,33,1988,38,38,3420,38,43,1.13,146,104,74,18,9,11,15,39.5,6,5,1,16.7,42.2,0.25,1.2,0.03,174,393,44.3,854,141,37.7,34.2,222,32,31.5,12,3.1,26,0.68,14.3
Gianluca Pegolo,ITA,GK,Sassuolo,Serie A,40,1981,1,1,90,1,3,3,5,2,40,0,0,1,0,0,0,0,0,,1.8,0.37,-1.2,-1.17,2,5,40,26,4,15.4,26.7,8,12.5,19.8,1,12.5,0,0,6
Philipp Pentke,GER,GK,Hoffenheim,Bundesliga,36,1985,1,1,90,1,3,3,7,4,57.1,1,0,0,0,0,0,0,0,,1.7,0.24,-1.3,-1.34,5,13,38.5,32,5,34.4,28.5,7,28.6,30.1,1,10,0,0,11.3
Juan Pérez,ESP,GK,Osasuna,La Liga,25,1996,2,2,180,2,3,1.5,4,2,25,0,1,1,0,0,0,0,0,,1.1,0.26,-0.9,-0.47,8,26,30.8,32,6,56.3,43.6,9,88.9,61.6,1,5.9,7,3.5,22
Mattia Perin,ITA,GK,Juventus,Serie A,28,1992,5,5,405,4.5,7,1.56,16,10,56.3,2,1,1,1,20,0,0,0,,5.4,0.35,-0.6,-0.14,13,34,38.2,108,17,25.9,29.6,26,23.1,29.2,1,1.3,4,0.89,12.6
Pavao Pervan,AUT,GK,Wolfsburg,Bundesliga,33,1987,6,6,540,6,14,2.33,38,25,65.8,1,0,5,1,16.7,1,1,0,0,11.3,0.27,-1.7,-0.29,18,58,31,158,31,31,31.8,49,18.4,26.4,2,2.1,7,1.17,13.6
Danijel Petković,MNE,GK,Angers,Ligue 1,28,1993,15,15,1350,15,22,1.47,65,45,69.2,3,3,9,2,13.3,2,2,0,0,19,0.27,-1,-0.07,39,126,31,333,93,22.8,29.8,120,41.7,37.1,15,7.6,16,1.07,13.2
Jordan Pickford,ENG,GK,Everton,Premier League,27,1994,35,35,3150,35,58,1.66,170,116,66.5,10,6,19,7,20,1,1,0,0,51.7,0.31,-2.3,-0.07,272,782,34.8,873,119,64.6,46.4,267,81.6,60.5,23,4.4,35,1,14.9
Carlo Pinsoglio,ITA,GK,Juventus,Serie A,31,1990,1,0,45,0.5,1,2,2,1,100,0,0,0,0,,1,1,0,0,1.1,0.08,0.1,0.29,1,1,100,10,0,10,29.6,1,0,37,0,0,0,0,
Julian Pollersbeck,GER,GK,Lyon,Ligue 1,26,1994,6,4,436,4.8,6,1.24,25,19,92,3,0,1,1,25,4,4,0,0,7.5,0.14,1.5,0.31,13,35,37.1,140,25,20,27.1,34,20.6,27,1,2.1,7,1.44,17.4
Nick Pope,ENG,GK,Burnley,Premier League,29,1992,36,36,3240,36,47,1.31,165,119,74.5,7,14,15,9,25,5,5,0,0,44.3,0.25,-1.7,-0.05,319,807,39.5,793,147,69.2,46.2,283,91.2,61.2,46,7.6,80,2.22,17.4
Gaëtan Poussin,FRA,GK,Bordeaux,Ligue 1,22,1999,13,13,1170,13,29,2.23,61,32,55.7,3,5,5,2,15.4,4,2,2,50,20.4,0.27,-6.6,-0.51,75,198,37.9,373,55,36.5,33.1,111,55.9,41,10,5.2,40,3.08,17.6
Alejandro Primo,ESP,GK,Levante,La Liga,17,2004,1,1,90,1,1,1,2,1,50,1,0,0,0,0,0,0,0,,0.8,0.41,-0.2,-0.18,2,6,33.3,17,0,29.4,31.2,8,12.5,20.9,0,0,0,0,15
Ivan Provedel,ITA,GK,Spezia,Serie A,27,1994,31,31,2761,30.7,52,1.7,165,116,73.9,9,5,16,7,22.6,11,9,0,0,47.6,0.24,-1.4,-0.04,206,616,33.4,957,133,47.8,40.1,229,69.4,51.7,28,5.9,25,0.81,11.8
Ionuț Radu,ROU,GK,Inter,Serie A,24,1997,1,1,90,1,2,2,3,1,33.3,0,0,1,0,0,0,0,0,,1.6,0.53,-0.4,-0.41,4,8,50,19,2,36.8,33.3,4,25,29.8,0,0,1,1,16
Boris Radunović,SRB,GK,Cagliari,Serie A,25,1996,3,3,270,3,5,1.67,17,11,76.5,0,2,1,1,33.3,2,1,1,50,6.4,0.26,1.4,0.46,22,62,35.5,72,10,54.2,41.5,28,82.1,51.1,1,2.4,1,0.33,13.8
Predrag Rajković,SRB,GK,Reims,Ligue 1,25,1995,38,38,3420,38,44,1.16,161,116,75.8,11,13,14,11,28.9,7,5,1,16.7,42.9,0.24,-1.1,-0.03,151,479,31.5,975,217,35.5,34.7,285,46.7,38.8,37,5.7,53,1.39,14.8
Diant Ramaj,GER,GK,Eint Frankfurt,Bundesliga,19,2001,1,1,90,1,1,1,4,3,75,0,1,0,0,0,0,0,0,,1,0.25,0,-0.01,4,14,28.6,37,6,32.4,31.6,4,50,40,3,12.5,3,3,14.8
Aaron Ramsdale,ENG,GK,Arsenal,Premier League,23,1998,34,34,3060,34,39,1.15,128,90,73.4,21,3,10,12,35.3,6,5,0,0,38.2,0.26,0.2,0,134,480,27.9,993,162,34.8,33.2,181,74,55.1,26,6.3,60,1.76,16.4
Nicola Ravaglia,ITA,GK,Sampdoria,Serie A,32,1988,1,0,5,0.1,1,18,1,0,100,0,0,0,0,,1,1,0,0,1,0,0,-0.25,2,4,50,2,0,100,57,2,100,65.5,0,0,0,0,
David Raya,ESP,GK,Brentford,Premier League,25,1995,24,24,2160,24,27,1.13,103,76,77.7,10,5,9,8,33.3,4,4,0,0,26.2,0.22,-0.8,-0.03,225,527,42.7,876,118,44.4,36.2,202,68.3,49.9,27,6.7,35,1.46,15.8
Manolo Reina,ESP,GK,Mallorca,La Liga,36,1985,21,21,1890,21,26,1.24,75,49,68,6,9,6,8,38.1,3,2,1,33.3,27.2,0.32,2.2,0.11,140,357,39.2,453,67,53.9,40.5,188,60.1,43.9,14,4.2,9,0.43,11.6
Pepe Reina,ESP,GK,Lazio,Serie A,38,1982,15,15,1350,15,29,1.93,60,31,58.3,6,4,5,2,13.3,5,4,0,0,23.7,0.33,-5.3,-0.36,66,133,49.6,429,73,24.2,29.8,99,29.3,30.1,10,5.4,10,0.67,13.7
Álex Remiro,ESP,GK,Real Sociedad,La Liga,26,1995,35,35,3150,35,32,0.91,112,79,75,15,11,9,19,54.3,5,4,1,20,31.4,0.24,-0.6,-0.02,195,466,41.8,1015,125,32.6,32.9,241,56,45.1,18,3.9,48,1.37,16.4
Sergio Rico,ESP,GK,Mallorca,La Liga,27,1993,14,14,1260,14,29,2.07,57,29,54.4,4,0,10,1,7.1,4,3,1,25,21.4,0.31,-5.6,-0.4,94,201,46.8,270,50,52.2,39.4,90,66.7,48.4,2,1,5,0.36,12.6
Sergio Rico,ESP,GK,Paris S-G,Ligue 1,27,1993,1,0,23,0.3,1,3.91,3,2,66.7,0,0,0,0,,0,0,0,,0.2,0.06,-0.8,-3.23,0,1,0,7,1,14.3,31.4,0,,,0,0,2,7.83,23.5
Manuel Riemann,GER,GK,Bochum,Bundesliga,32,1988,31,31,2790,31,45,1.45,155,112,72.9,10,6,15,7,22.6,6,3,2,40,42.3,0.26,1.3,0.04,479,1040,46.1,1398,102,62.4,43.8,246,67.9,48.5,27,6.5,72,2.32,19.6
Leonardo Román,ESP,GK,Mallorca,La Liga,21,2000,2,2,180,2,5,2.5,14,10,71.4,0,0,2,0,0,1,1,0,0,3.6,0.17,-0.4,-0.18,9,27,33.3,51,7,39.2,34.2,16,43.8,36.6,1,2.8,5,2.5,18.9
Sergio Romero,ARG,GK,Venezia,Serie A,34,1987,16,16,1440,16,33,2.06,105,74,74.3,3,4,9,3,18.8,6,6,0,0,30.6,0.24,-0.4,-0.03,90,236,38.1,443,100,38.6,34.6,142,45.8,38.8,14,5.3,11,0.69,11.8
Francesco Rossi,ITA,GK,Atalanta,Serie A,30,1991,1,0,37,0.4,1,2.43,2,1,50,0,0,0,0,,0,0,0,,1,0.52,0,0.11,2,6,33.3,12,0,41.7,37.8,4,25,39.3,0,0,0,0,18
John Ruddy,ENG,GK,Wolves,Premier League,34,1986,2,1,135,1.5,3,2,7,4,57.1,0,1,0,0,0,0,0,0,,2.9,0.42,-0.1,-0.05,1,11,9.1,19,4,42.1,36.1,14,21.4,28.5,1,7.7,1,0.67,14.2
Gerónimo Rulli,ARG,GK,Villarreal,La Liga,29,1992,32,32,2880,32,28,0.87,100,72,75,14,9,9,14,43.8,4,3,1,25,28.2,0.25,1.2,0.04,131,333,39.3,1073,161,23.1,29.7,214,39.7,37.4,22,4.6,52,1.63,16.5
Mathew Ryan,AUS,GK,Real Sociedad,La Liga,29,1992,3,3,270,3,5,1.67,15,10,73.3,2,0,1,1,33.3,1,1,0,0,4.1,0.21,-0.9,-0.31,16,55,29.1,88,14,47.7,39.4,19,68.4,46.6,3,5.3,3,1,13.7
Frederik Rønnow,DEN,GK,Union Berlin,Bundesliga,28,1992,7,7,630,7,5,0.71,18,14,72.2,5,2,0,2,28.6,0,0,0,,3.4,0.19,-0.6,-0.09,43,122,35.2,213,28,45.1,36.3,43,60.5,45.2,11,13.3,3,0.43,10.2
José Sá,POR,GK,Wolves,Premier League,28,1993,37,37,3285,36.5,40,1.1,160,121,80.6,15,5,16,11,29.7,10,9,0,0,46.3,0.24,7.3,0.2,121,412,29.4,844,216,35.4,34.7,261,43.3,36.9,43,7.8,40,1.1,13.3
Romain Salin,FRA,GK,Rennes,Ligue 1,37,1984,1,1,90,1,2,2,3,1,33.3,0,0,1,0,0,0,0,0,,1.5,0.49,-0.5,-0.53,4,7,57.1,30,8,23.3,31.2,3,0,14.3,0,0,1,1,21.5
Robert Sánchez,ESP,GK,Brighton,Premier League,23,1997,37,37,3329,37,42,1.14,141,99,72.3,12,14,10,11,29.7,4,3,0,0,40.9,0.28,-1.1,-0.03,158,561,28.2,1285,186,31.9,33,234,64.5,48.9,60,11.6,36,0.97,12.9
Giacomo Satalino,ITA,GK,Sassuolo,Serie A,22,1999,1,0,8,0.1,0,0,1,1,100,0,0,0,0,,0,0,0,,0.8,0.76,0.8,7.56,0,0,,0,0,,,1,0,22,0,0,0,0,
Kasper Schmeichel,DEN,GK,Leicester City,Premier League,34,1986,37,37,3330,37,58,1.57,187,128,72.7,13,10,14,7,18.9,9,7,2,22.2,55.5,0.26,-1.5,-0.04,194,486,39.9,999,166,36,34.1,291,43.3,37.5,15,2.8,38,1.03,14.8
Marvin Schwäbe,GER,GK,Köln,Bundesliga,26,1995,21,21,1890,21,28,1.33,98,70,71.4,10,4,7,3,14.3,1,0,1,100,31.4,0.31,4.4,0.21,107,251,42.6,854,88,23.5,28.8,144,34.7,35.2,9,3.2,15,0.71,13.6
Alexander Schwolow,GER,GK,Hertha BSC,Bundesliga,29,1992,25,25,2175,24.2,51,2.11,123,72,62.6,7,5,12,4,16,5,5,0,0,42.2,0.31,-8.8,-0.36,126,333,37.8,621,125,32.9,33,204,63.2,48.2,17,4.2,32,1.32,15
Matz Sels,BEL,GK,Strasbourg,Ligue 1,29,1992,37,37,3330,37,43,1.16,130,88,70,16,12,9,13,35.1,4,4,0,0,35,0.24,-7,-0.19,164,401,40.9,718,145,39.1,34.3,239,50.2,40.6,13,2.7,39,1.05,13.7
Adrian Šemper,CRO,GK,Genoa,Serie A,23,1998,1,1,90,1,1,1,4,3,75,0,0,1,0,0,0,0,0,,0.9,0.28,-0.1,-0.06,6,21,28.6,30,3,50,38.5,7,85.7,52,2,14.3,0,0,11.2
Luigi Sepe,ITA,GK,Salernitana,Serie A,30,1991,16,16,1392,15.5,24,1.55,78,54,73.1,2,8,4,1,6.3,3,3,0,0,24.6,0.28,0.6,0.04,166,320,51.9,433,45,54.7,40.8,130,63.8,46.4,10,4.3,13,0.84,16
Rui Silva,POR,GK,Betis,La Liga,27,1994,22,21,1964,21.8,21,0.96,76,55,75,11,4,6,8,38.1,2,2,0,0,20.5,0.24,-0.5,-0.02,92,275,33.5,557,104,33.8,33.1,176,49.4,41.6,18,5.3,32,1.47,15.7
Marco Silvestri,ITA,GK,Udinese,Serie A,30,1991,35,35,3150,35,50,1.43,141,92,68.1,10,14,11,7,20,7,5,0,0,45.5,0.29,-3.5,-0.1,167,430,38.8,677,106,46.1,36.7,252,46.8,38.4,16,3.5,10,0.29,11
Unai Simón,ESP,GK,Athletic Club,La Liga,24,1997,34,34,3060,34,31,0.91,111,81,74.8,13,11,10,12,35.3,3,3,0,0,31.9,0.26,1.9,0.06,145,371,39.1,692,189,35.5,33.8,243,51.4,42.3,29,5.5,35,1.03,15.2
Tobias Sippel,GER,GK,M'Gladbach,Bundesliga,33,1988,1,1,90,1,1,1,3,2,66.7,0,1,0,0,0,0,0,0,,0.4,0.12,-0.6,-0.64,6,13,46.2,41,4,24.4,29.5,6,50,51.8,0,0,0,0,8
Salvatore Sirigu,ITA,GK,Genoa,Serie A,34,1987,37,37,3330,37,59,1.59,180,122,69.4,4,16,17,10,27,5,4,1,20,50.6,0.26,-6.4,-0.17,257,605,42.5,916,100,46.3,36.6,263,68.8,45.9,14,2.9,20,0.54,12.9
Antonio Sivera,ESP,GK,Alavés,La Liga,24,1996,4,3,277,3.1,4,1.3,16,12,81.3,0,1,2,1,33.3,1,1,0,0,5.9,0.31,1.9,0.62,29,69,42,67,9,61.2,44.9,40,70,51.5,2,3,3,0.97,14.6
Łukasz Skorupski,POL,GK,Bologna,Serie A,30,1991,36,36,3240,36,53,1.47,174,122,74.1,11,9,16,12,33.3,9,8,1,11.1,53.3,0.26,2.3,0.06,193,459,42,956,164,39.1,34,294,28.9,26.6,27,5.4,14,0.39,11.3
Yann Sommer,SUI,GK,M'Gladbach,Bundesliga,32,1988,33,33,2970,33,60,1.82,182,120,68.7,12,8,13,5,15.2,5,3,2,40,57.9,0.3,-2.1,-0.06,148,452,32.7,1239,167,29.1,31.3,224,40.6,37.6,19,4.2,54,1.64,16.3
David Soria,ESP,GK,Getafe,La Liga,28,1993,38,38,3414,37.9,41,1.08,132,91,70.5,7,15,15,13,34.2,4,2,1,33.3,40.9,0.29,0.9,0.02,366,863,42.4,888,101,69.4,46.6,292,84.6,54.1,25,4.4,45,1.19,15
Marco Sportiello,ITA,GK,Atalanta,Serie A,29,1992,5,5,450,5,5,1,18,13,83.3,0,3,2,2,40,2,2,0,0,5.6,0.2,0.6,0.12,8,33,24.2,107,33,14,26,28,64.3,47,1,2.2,4,0.8,13.9
Jason Steele,ENG,GK,Brighton,Premier League,30,1990,1,1,90,1,2,2,5,3,60,0,0,1,0,0,0,0,0,,1.6,0.33,-0.4,-0.37,2,6,33.3,32,2,9.4,23.9,6,50,40,0,0,0,0,9.3
Jed Steer,ENG,GK,Aston Villa,Premier League,28,1992,1,1,90,1,3,3,4,1,25,0,0,1,0,0,0,0,0,,2.2,0.55,-0.8,-0.81,3,11,27.3,32,7,28.1,30.4,6,33.3,31.2,1,9.1,1,1,16.3
Zack Steffen,USA,GK,Manchester City,Premier League,26,1995,1,1,90,1,0,0,2,2,100,1,0,0,1,100,0,0,0,,0.1,0.07,0.1,0.15,1,6,16.7,32,6,15.6,23.4,7,14.3,19.3,0,0,3,3,16.6
Thomas Strakosha,ALB,GK,Lazio,Serie A,26,1995,23,23,2070,23,29,1.26,86,58,67.4,12,6,5,7,30.4,1,1,0,0,28.6,0.32,0.6,0.03,79,161,49.1,618,92,22.2,28.5,119,20.2,23.6,11,3.9,16,0.7,14.5
Wojciech Szczęsny,POL,GK,Juventus,Serie A,31,1990,33,33,2970,33,29,0.88,105,73,75.2,18,9,6,12,36.4,6,3,3,50,30.6,0.24,1.6,0.05,124,273,45.4,836,159,26.6,30.8,172,29.7,31.5,24,5,25,0.76,13.5
Ciprian Tătărușanu,ROU,GK,Milan,Serie A,35,1986,6,6,540,6,10,1.67,24,14,66.7,4,1,1,1,16.7,3,2,1,33.3,8.9,0.25,-0.1,-0.02,33,74,44.6,168,14,36.3,33.3,36,36.1,35,6,7.3,3,0.5,12.5
Marc-André ter Stegen,GER,GK,Barcelona,La Liga,29,1992,35,35,3150,35,34,0.97,109,74,70.6,19,9,7,11,31.4,3,2,1,33.3,30.1,0.26,-3.9,-0.11,130,255,51,1072,147,17.6,26.9,205,32.2,33.9,15,4.4,34,0.97,15.3
Pietro Terracciano,ITA,GK,Fiorentina,Serie A,31,1990,32,31,2862,31.8,43,1.35,100,58,59,16,5,10,9,29,3,2,1,33.3,31.6,0.29,-9.4,-0.29,197,464,42.5,1356,141,29.8,32.2,170,35.3,33.7,22,7.6,51,1.6,16.7
Kevin Trapp,GER,GK,Eint Frankfurt,Bundesliga,31,1990,32,32,2880,32,46,1.44,157,112,73.2,10,11,11,5,15.6,4,4,0,0,50.8,0.3,5.8,0.18,157,539,29.1,1001,146,41.8,34.6,250,48.4,42.6,19,4.5,43,1.34,16.4
Philipp Tschauner,GER,GK,RB Leipzig,Bundesliga,35,1985,1,0,3,0,0,0,0,0,,0,0,0,1,,0,0,0,,0,,0,0,1,2,50,5,0,40,36.4,0,,,0,,0,0,
Sven Ulreich,GER,GK,Bayern Munich,Bundesliga,32,1988,6,6,540,6,11,1.83,23,13,56.5,2,1,3,1,16.7,1,1,0,0,8.7,0.34,-1.3,-0.22,10,32,31.3,197,31,14.2,25.2,38,10.5,20.2,3,5.6,10,1.67,19.2
Benjamin Uphoff,GER,GK,Freiburg,Bundesliga,27,1993,2,2,180,2,7,3.5,12,5,41.7,0,1,1,0,0,0,0,0,,3,0.25,-4,-2.01,22,51,43.1,70,14,44.3,34.4,20,100,63.2,4,11.8,1,0.5,6.3
Rúben Vezo,POR,DF,Levante,La Liga,27,1994,1,1,4,26.9,0,0,0,0,,0,0,0,0,0,0,0,0,,0,,0,0,2,4,50,3,0,100,57,1,100,65,0,0,0,0,
Guglielmo Vicario,ITA,GK,Empoli,Serie A,24,1996,38,38,3420,38,70,1.84,216,150,69.9,10,11,17,7,18.4,10,5,2,28.6,65.2,0.28,1.2,0.03,133,386,34.5,1066,215,26.2,29.5,257,41.6,37.5,35,5.8,38,1,13.9
Danny Ward,WAL,GK,Leicester City,Premier League,28,1993,1,1,90,1,1,1,5,4,80,1,0,0,0,0,0,0,0,,1.4,0.28,0.4,0.42,2,5,40,26,8,19.2,25.8,7,0,19.3,1,5.6,1,1,10.7
Freddie Woodman,ENG,GK,Newcastle Utd,Premier League,24,1997,4,4,360,4,12,3,22,9,54.5,0,1,3,0,0,3,2,1,33.3,8.8,0.29,-3.2,-0.8,23,66,34.8,79,11,50.6,38.1,39,66.7,47.9,3,5.5,0,0,7.8
Robin Zentner,GER,GK,Mainz 05,Bundesliga,26,1994,32,32,2880,32,42,1.31,120,78,68.3,12,6,14,10,31.3,5,4,1,20,39,0.29,-2,-0.06,119,389,30.6,766,166,36.9,34.4,236,44.9,39.4,29,6.9,68,2.13,17.9
Luca Zidane,FRA,GK,Rayo Vallecano,La Liga,23,1998,8,8,645,7.2,13,1.81,37,24,64.9,0,1,6,0,0,0,0,0,,12,0.33,-1,-0.14,42,94,44.7,178,42,36,34.6,53,56.6,46.6,9,10,6,0.84,11
Jeroen Zoet,NED,GK,Spezia,Serie A,30,1991,7,7,630,7,19,2.71,43,23,58.1,1,1,5,0,0,2,1,1,50,13.1,0.26,-5.9,-0.84,20,69,29,182,41,26.9,30.7,54,37,37.4,2,2.1,6,0.86,16.4
Petar Zovko,BIH,GK,Spezia,Serie A,19,2002,1,0,29,0.3,0,0,0,0,,0,0,0,0,,0,0,0,,0,,0,0,1,4,25,8,3,37.5,35.9,2,50,35,0,0,2,6.21,28.5
